userId,date_joined,username,first_name,last_name,email,password
0,2000-07-30 20:08:19,user_0,Existing,User0,John0@mockup.com,@C~(X]
1,1999-12-13 10:47:26,user_1,Existing,User1,John1@mockup.com,!tSB6s{
2,1996-11-08 07:32:27,user_2,Existing,User2,John2@mockup.com,"1wAB5,M{"
3,1996-10-17 13:51:49,user_3,Existing,User3,John3@mockup.com,f<3oCLmV-
4,2005-01-25 07:43:36,user_4,Existing,User4,John4@mockup.com,}i{f=bG|#{
5,1996-08-08 02:17:02,user_5,Existing,User5,John5@mockup.com,"_k"";1W"
6,2003-02-07 23:24:10,user_6,Existing,User6,John6@mockup.com,"Ic,Al_3"
7,2016-02-12 19:25:53,user_7,Existing,User7,John7@mockup.com,`C($C{{~
8,1998-07-23 15:20:37,user_8,Existing,User8,John8@mockup.com,2OI:&Pm[_
9,1996-06-22 12:56:16,user_9,Existing,User9,John9@mockup.com,=azEPY1l-P
10,2011-03-06 16:19:22,user_10,Existing,User10,John10@mockup.com,J'YK~0
11,2013-08-26 02:22:53,user_11,Existing,User11,John11@mockup.com,O|8_.F1
12,2011-05-18 07:23:46,user_12,Existing,User12,John12@mockup.com,rxn+]&LA
13,2016-02-09 21:22:08,user_13,Existing,User13,John13@mockup.com,"0kmh""qO)R"
14,2000-08-08 04:18:27,user_14,Existing,User14,John14@mockup.com,UZ:`ze$qbY
15,2003-05-27 13:49:19,user_15,Existing,User15,John15@mockup.com,T]q9pI
16,2013-08-18 12:44:31,user_16,Existing,User16,John16@mockup.com,H[{2@m&
17,2010-03-11 19:03:04,user_17,Existing,User17,John17@mockup.com,9QA9/fJ}
18,2005-01-31 10:08:44,user_18,Existing,User18,John18@mockup.com,~GMF$GQrr
19,2016-03-25 22:22:53,user_19,Existing,User19,John19@mockup.com,>T4H+GlS&c
20,2000-07-04 06:26:36,user_20,Existing,User20,John20@mockup.com,c~2d!T
21,2009-02-11 07:48:22,user_21,Existing,User21,John21@mockup.com,2noS.+R
22,2011-06-12 21:09:57,user_22,Existing,User22,John22@mockup.com,Zkco~9UP
23,1996-12-13 09:43:36,user_23,Existing,User23,John23@mockup.com,O;>Mr#U!n
24,1997-02-23 23:15:19,user_24,Existing,User24,John24@mockup.com,"?A""/0H6R.r"
25,1999-10-11 14:53:44,user_25,Existing,User25,John25@mockup.com,`4_aOq
26,2006-10-28 17:05:44,user_26,Existing,User26,John26@mockup.com,58[EBOi
27,2004-11-18 19:42:17,user_27,Existing,User27,John27@mockup.com,(iz/40@w
28,1996-08-29 19:52:40,user_28,Existing,User28,John28@mockup.com,&toy_SP^K
29,2000-11-21 07:11:04,user_29,Existing,User29,John29@mockup.com,o49q<sY:ee
30,1996-05-14 09:27:34,user_30,Existing,User30,John30@mockup.com,iAwh^_
31,2016-03-25 20:21:17,user_31,Existing,User31,John31@mockup.com,3@!.V0=
32,2001-07-27 07:43:44,user_32,Existing,User32,John32@mockup.com,)I&a8qi%
33,1996-11-26 08:33:47,user_33,Existing,User33,John33@mockup.com,dG?=tzd-_
34,1997-07-18 20:51:00,user_34,Existing,User34,John34@mockup.com,_xWGSB-S4w
35,2000-02-16 17:29:21,user_35,Existing,User35,John35@mockup.com,&:}5bQ
36,1996-06-14 23:26:57,user_36,Existing,User36,John36@mockup.com,|B?q&9V
37,2017-05-31 06:30:29,user_37,Existing,User37,John37@mockup.com,$R'hC793
38,2017-07-20 20:01:36,user_38,Existing,User38,John38@mockup.com,3#3U?W*a?
39,2009-01-02 21:39:24,user_39,Existing,User39,John39@mockup.com,43IY|]AA`o
40,2016-07-09 09:58:11,user_40,Existing,User40,John40@mockup.com,k2[N2*
41,1996-06-26 16:23:54,user_41,Existing,User41,John41@mockup.com,<S>g.nk
42,2000-08-09 06:33:09,user_42,Existing,User42,John42@mockup.com,3aRUqjP|
43,1996-11-11 14:19:40,user_43,Existing,User43,John43@mockup.com,OsC(Ff5F0
44,2000-03-21 04:11:47,user_44,Existing,User44,John44@mockup.com,gz|w!=6X9Y
45,2018-03-19 20:42:45,user_45,Existing,User45,John45@mockup.com,y&m|w$
46,2015-09-25 18:47:43,user_46,Existing,User46,John46@mockup.com,]3bo-1<
47,2006-10-22 14:20:28,user_47,Existing,User47,John47@mockup.com,Y{?35{9<
48,2004-08-22 05:05:13,user_48,Existing,User48,John48@mockup.com,PX(D<0u$w
49,2006-09-18 00:09:59,user_49,Existing,User49,John49@mockup.com,s53~IOVkrI
50,2002-05-17 15:39:29,user_50,Existing,User50,John50@mockup.com,i8<*v6
51,2012-12-11 01:08:24,user_51,Existing,User51,John51@mockup.com,5cEp/\0
52,2008-07-29 11:23:20,user_52,Existing,User52,John52@mockup.com,>IG`>c)9
53,2016-05-25 19:08:58,user_53,Existing,User53,John53@mockup.com,3=}7R0(=-
54,2008-04-06 18:24:50,user_54,Existing,User54,John54@mockup.com,viOGH|(/+j
55,2006-09-23 01:17:25,user_55,Existing,User55,John55@mockup.com,N=Q8^U
56,2015-08-10 02:12:16,user_56,Existing,User56,John56@mockup.com,g.bb>L6
57,2009-09-10 11:00:52,user_57,Existing,User57,John57@mockup.com,\<lU>6nP
58,2000-11-27 00:28:34,user_58,Existing,User58,John58@mockup.com,y6-*{EbHq
59,2013-08-24 03:05:48,user_59,Existing,User59,John59@mockup.com,%^?L_>V<[2
60,2004-05-13 17:55:16,user_60,Existing,User60,John60@mockup.com,vF0uPc
61,2012-03-27 10:43:27,user_61,Existing,User61,John61@mockup.com,?*ZQ38d
62,1997-03-06 14:00:40,user_62,Existing,User62,John62@mockup.com,4jAt/y?[
63,2012-08-02 23:58:02,user_63,Existing,User63,John63@mockup.com,3|RUXUSh[
64,2012-03-10 23:55:28,user_64,Existing,User64,John64@mockup.com,-qh~WhK|o0
65,2018-03-07 08:37:45,user_65,Existing,User65,John65@mockup.com,lPf{pa
66,1997-02-19 13:06:36,user_66,Existing,User66,John66@mockup.com,&{<~:8b
67,2005-04-05 16:20:47,user_67,Existing,User67,John67@mockup.com,"A+b*""0Ou"
68,1999-11-16 16:40:04,user_68,Existing,User68,John68@mockup.com,LVQ;yIN+6
69,1996-09-22 17:36:56,user_69,Existing,User69,John69@mockup.com,Z2+^!TP9Yw
70,2003-01-23 17:27:28,user_70,Existing,User70,John70@mockup.com,^2iD\W
71,2000-07-28 10:23:30,user_71,Existing,User71,John71@mockup.com,;B$]8)R
72,2018-07-24 20:36:49,user_72,Existing,User72,John72@mockup.com,W]/zTc`$
73,1996-04-18 13:38:34,user_73,Existing,User73,John73@mockup.com,WDbbfP]-6
74,2004-11-11 15:35:31,user_74,Existing,User74,John74@mockup.com,6@J+9n=Hgq
75,2000-09-08 21:18:18,user_75,Existing,User75,John75@mockup.com,4=1+]!
76,1996-06-27 13:41:30,user_76,Existing,User76,John76@mockup.com,%lVILF:
77,2015-05-18 15:03:49,user_77,Existing,User77,John77@mockup.com,JBAPv*pD
78,2003-03-25 10:56:19,user_78,Existing,User78,John78@mockup.com,Db'y4$ZRO
79,2015-11-03 18:25:34,user_79,Existing,User79,John79@mockup.com,Pso?[:}blQ
80,2003-01-17 22:27:57,user_80,Existing,User80,John80@mockup.com,!CtM[c
81,1996-08-27 02:38:29,user_81,Existing,User81,John81@mockup.com,",^vUB/V"
82,2007-03-31 10:23:57,user_82,Existing,User82,John82@mockup.com,"Oi,^HOl~"
83,2018-01-16 22:52:51,user_83,Existing,User83,John83@mockup.com,._a54SHpJ
84,2015-09-18 02:20:27,user_84,Existing,User84,John84@mockup.com,9wvBHSxd6[
85,2001-01-21 05:27:14,user_85,Existing,User85,John85@mockup.com,`Tt^\c
86,1999-12-11 23:18:59,user_86,Existing,User86,John86@mockup.com,"\fS,Ol7"
87,2012-05-16 21:14:09,user_87,Existing,User87,John87@mockup.com,NEadd}$/
88,1996-10-01 11:39:03,user_88,Existing,User88,John88@mockup.com,c4i8EpSJ_
89,2015-07-03 18:54:18,user_89,Existing,User89,John89@mockup.com,nw6W*o_OHO
90,1996-11-10 20:58:19,user_90,Existing,User90,John90@mockup.com,c@ClBM
91,2016-04-25 07:12:13,user_91,Existing,User91,John91@mockup.com,tao_7`W
92,2015-11-11 20:11:11,user_92,Existing,User92,John92@mockup.com,&EQCtZL~
93,2012-05-07 18:52:31,user_93,Existing,User93,John93@mockup.com,u6Zo%D(9G
94,2016-09-17 21:44:13,user_94,Existing,User94,John94@mockup.com,&H8fCav/!K
95,2006-12-29 07:56:35,user_95,Existing,User95,John95@mockup.com,f~lX8N
96,2012-10-10 05:09:30,user_96,Existing,User96,John96@mockup.com,Fr.w#O5
97,2006-09-10 22:23:20,user_97,Existing,User97,John97@mockup.com,!S*[-<)k
98,2001-12-30 06:38:57,user_98,Existing,User98,John98@mockup.com,Q&3'[5)NG
99,1996-05-18 21:52:16,user_99,Existing,User99,John99@mockup.com,"""SG(=9wzL+"
100,2008-03-07 04:03:19,user_100,Existing,User100,John100@mockup.com,bNOVrU
101,2016-01-27 20:46:01,user_101,Existing,User101,John101@mockup.com,Zga539g
102,1999-11-17 12:58:34,user_102,Existing,User102,John102@mockup.com,L`V{>CM8
103,2017-12-13 02:49:47,user_103,Existing,User103,John103@mockup.com,@QZqMRvsk
104,2015-10-13 22:35:22,user_104,Existing,User104,John104@mockup.com,EV3Eh^r_P]
105,2006-01-09 14:02:43,user_105,Existing,User105,John105@mockup.com,{:.cw8
106,2016-12-24 04:00:52,user_106,Existing,User106,John106@mockup.com,ZC:w#ZL
107,1998-08-02 21:05:16,user_107,Existing,User107,John107@mockup.com,axHl%tfs
108,1997-02-14 20:06:35,user_108,Existing,User108,John108@mockup.com,"\,J9`tT.G"
109,2015-12-20 01:47:09,user_109,Existing,User109,John109@mockup.com,B-60S^0ZVm
110,2018-05-05 21:21:36,user_110,Existing,User110,John110@mockup.com,jE/-i+
111,2000-06-24 17:31:28,user_111,Existing,User111,John111@mockup.com,"""'BHs1G"
112,1999-10-13 21:19:56,user_112,Existing,User112,John112@mockup.com,&EV{%a#h
113,2017-10-22 04:41:45,user_113,Existing,User113,John113@mockup.com,}(Fkt7PZ{
114,2000-10-09 19:28:49,user_114,Existing,User114,John114@mockup.com,)Lo99Jy=<'
115,2003-03-04 02:26:53,user_115,Existing,User115,John115@mockup.com,8wfF&T
116,2007-09-03 00:53:30,user_116,Existing,User116,John116@mockup.com,;`{B5S~
117,2006-08-04 21:11:19,user_117,Existing,User117,John117@mockup.com,!.ejGR4Z
118,2011-05-31 00:08:05,user_118,Existing,User118,John118@mockup.com,'~5ejwBq:
119,2003-07-28 23:16:17,user_119,Existing,User119,John119@mockup.com,z;m42Iv|75
120,1996-08-18 17:07:07,user_120,Existing,User120,John120@mockup.com,oX;|7L
121,1997-06-21 16:42:37,user_121,Existing,User121,John121@mockup.com,s9^SG6V
122,1996-11-20 11:48:24,user_122,Existing,User122,John122@mockup.com,#:hB;;z0
123,2015-06-28 22:31:57,user_123,Existing,User123,John123@mockup.com,~v7a.{Ef&
124,2006-11-16 11:39:52,user_124,Existing,User124,John124@mockup.com,=4ooOA2CQ1
125,1996-08-24 19:21:53,user_125,Existing,User125,John125@mockup.com,riThZ;
126,1996-10-16 14:34:39,user_126,Existing,User126,John126@mockup.com,L{nH-DE
127,2003-06-05 04:19:47,user_127,Existing,User127,John127@mockup.com,H:Rg@hC~
128,2001-06-12 09:32:24,user_128,Existing,User128,John128@mockup.com,<'u&6(QGB
129,2018-09-16 12:38:13,user_129,Existing,User129,John129@mockup.com,b(IG=RLpJa
130,2003-02-03 23:24:31,user_130,Existing,User130,John130@mockup.com,R$V64|
131,2002-09-03 18:55:07,user_131,Existing,User131,John131@mockup.com,uA-/YMS
132,2006-10-26 09:51:48,user_132,Existing,User132,John132@mockup.com,[46rOusV
133,2000-07-02 19:36:31,user_133,Existing,User133,John133@mockup.com,"8s^(,eE,J"
134,2017-09-02 01:52:15,user_134,Existing,User134,John134@mockup.com,Nk[_I/@h^e
135,1996-04-17 18:50:09,user_135,Existing,User135,John135@mockup.com,}9In/_
136,2000-11-20 08:27:20,user_136,Existing,User136,John136@mockup.com,&MSu]cG
137,2002-10-09 05:31:37,user_137,Existing,User137,John137@mockup.com,k%PQxp=.
138,1999-10-20 00:25:31,user_138,Existing,User138,John138@mockup.com,o6SFl0?j]
139,2008-12-21 17:20:15,user_139,Existing,User139,John139@mockup.com,"/Po>,o3ggw"
140,1999-10-06 17:36:29,user_140,Existing,User140,John140@mockup.com,iae~&p
141,2000-11-22 17:53:22,user_141,Existing,User141,John141@mockup.com,PrAKcZ;
142,2014-01-19 02:19:19,user_142,Existing,User142,John142@mockup.com,1}9H?=6e
143,2012-01-21 19:17:52,user_143,Existing,User143,John143@mockup.com,w)^'1DuI:
144,2016-09-12 20:37:48,user_144,Existing,User144,John144@mockup.com,0LNVKLG-aO
145,2012-10-22 15:19:47,user_145,Existing,User145,John145@mockup.com,^H>TZL
146,2017-03-21 17:44:57,user_146,Existing,User146,John146@mockup.com,de5v]l%
147,2011-09-16 19:35:49,user_147,Existing,User147,John147@mockup.com,>FlhzVhq
148,2009-12-15 20:31:04,user_148,Existing,User148,John148@mockup.com,e$>y_{vPZ
149,2000-11-20 16:15:51,user_149,Existing,User149,John149@mockup.com,"U|U+K""K~ou"
150,2000-04-17 03:28:45,user_150,Existing,User150,John150@mockup.com,SMFw=q
151,2007-11-10 08:44:24,user_151,Existing,User151,John151@mockup.com,G'.6:a{
152,2008-12-23 18:49:36,user_152,Existing,User152,John152@mockup.com,!*C)>=~q
153,2005-03-18 20:59:00,user_153,Existing,User153,John153@mockup.com,!L5Kymmg{
154,2014-02-02 14:07:26,user_154,Existing,User154,John154@mockup.com,bcz2}<{c0'
155,2008-11-09 06:38:45,user_155,Existing,User155,John155@mockup.com,",%hB""8"
156,2000-10-17 21:34:46,user_156,Existing,User156,John156@mockup.com,82H9vJv
157,2000-01-29 02:56:53,user_157,Existing,User157,John157@mockup.com,S(13n6yj
158,2004-09-20 08:37:40,user_158,Existing,User158,John158@mockup.com,mf6lOg9;k
159,2015-11-10 22:04:57,user_159,Existing,User159,John159@mockup.com,%~\~RN&kzF
160,1996-07-09 21:40:46,user_160,Existing,User160,John160@mockup.com,D9GI==
161,2007-11-29 03:41:38,user_161,Existing,User161,John161@mockup.com,Kd]QqoA
162,2004-02-16 18:11:35,user_162,Existing,User162,John162@mockup.com,}Eb)Cy=!
163,2015-11-29 17:50:06,user_163,Existing,User163,John163@mockup.com,G$rz[fTlr
164,2001-10-02 00:36:51,user_164,Existing,User164,John164@mockup.com,^5+1e5G1l=
165,1996-08-30 18:25:08,user_165,Existing,User165,John165@mockup.com,$h9?{_
166,2014-09-13 19:39:36,user_166,Existing,User166,John166@mockup.com,z(BL'=b
167,2001-12-09 21:48:05,user_167,Existing,User167,John167@mockup.com,QLt#1krp
168,2008-09-11 17:35:39,user_168,Existing,User168,John168@mockup.com,9T<x{/B*c
169,1996-11-27 20:14:18,user_169,Existing,User169,John169@mockup.com,"bRZ+,&h""y~"
170,2015-11-14 22:20:08,user_170,Existing,User170,John170@mockup.com,(d\QKk
171,2000-11-24 14:49:09,user_171,Existing,User171,John171@mockup.com,wvd9b.Q
172,2012-11-25 18:29:02,user_172,Existing,User172,John172@mockup.com,3PR'?jEi
173,2016-07-04 16:51:01,user_173,Existing,User173,John173@mockup.com,qgez'7v]U
174,2018-08-18 13:27:18,user_174,Existing,User174,John174@mockup.com,VB+WTMN}1#
175,2012-09-04 11:47:30,user_175,Existing,User175,John175@mockup.com,`U4\hL
176,2010-10-09 18:42:32,user_176,Existing,User176,John176@mockup.com,;C\xhz9
177,2007-05-29 14:57:51,user_177,Existing,User177,John177@mockup.com,SU5}6*Dk
178,2001-11-14 06:52:21,user_178,Existing,User178,John178@mockup.com,Fu[@2'[)&
179,2015-11-03 20:41:40,user_179,Existing,User179,John179@mockup.com,}J)zki[*x*
180,2005-02-26 09:56:40,user_180,Existing,User180,John180@mockup.com,~BrQ^;
181,2014-07-09 06:40:45,user_181,Existing,User181,John181@mockup.com,rT@Q?6~
182,1996-08-17 20:12:32,user_182,Existing,User182,John182@mockup.com,Qhk(P2Zi
183,1999-10-20 03:30:24,user_183,Existing,User183,John183@mockup.com,dyPPH1CS6
184,2006-01-11 12:16:35,user_184,Existing,User184,John184@mockup.com,y;sD`MOLeT
185,2000-08-03 16:51:40,user_185,Existing,User185,John185@mockup.com,"""f(NJ>"
186,1999-12-11 06:49:25,user_186,Existing,User186,John186@mockup.com,}1>Ye2x
187,2000-05-31 22:56:52,user_187,Existing,User187,John187@mockup.com,aptA}8vP
188,1999-10-17 16:59:29,user_188,Existing,User188,John188@mockup.com,53cN<1j\+
189,2009-02-10 22:34:20,user_189,Existing,User189,John189@mockup.com,=ita6RJDF#
190,1996-06-26 16:23:04,user_190,Existing,User190,John190@mockup.com,k]^ExK
191,2007-02-11 06:39:29,user_191,Existing,User191,John191@mockup.com,GzdJ?_?
192,2003-03-31 04:02:30,user_192,Existing,User192,John192@mockup.com,Vp0c6j?o
193,1997-03-14 15:39:44,user_193,Existing,User193,John193@mockup.com,&V=D2]G-V
194,2017-09-26 04:49:21,user_194,Existing,User194,John194@mockup.com,w=w@qY}pg/
195,2012-09-14 08:36:50,user_195,Existing,User195,John195@mockup.com,(`=.2u
196,2013-09-06 19:33:03,user_196,Existing,User196,John196@mockup.com,W=+lm60
197,1996-05-21 18:10:48,user_197,Existing,User197,John197@mockup.com,QH6X}(}d
198,2005-06-23 23:15:45,user_198,Existing,User198,John198@mockup.com,-fuEOCY&o
199,2005-03-07 21:44:43,user_199,Existing,User199,John199@mockup.com,K957Sy$?D+
200,2000-11-20 23:31:37,user_200,Existing,User200,John200@mockup.com,0Eo;E=
201,2000-11-23 01:01:03,user_201,Existing,User201,John201@mockup.com,7B<r?J.
202,2000-11-10 01:42:50,user_202,Existing,User202,John202@mockup.com,Xf:7ac9.
203,2000-08-18 12:29:49,user_203,Existing,User203,John203@mockup.com,?mA~h1{Z?
204,2011-10-31 13:32:37,user_204,Existing,User204,John204@mockup.com,?7?dQZMYSO
205,1998-07-19 20:09:08,user_205,Existing,User205,John205@mockup.com,p=V#<&
206,2015-11-14 17:00:16,user_206,Existing,User206,John206@mockup.com,PQ@Z/N9
207,2008-05-21 15:21:00,user_207,Existing,User207,John207@mockup.com,;WgO8cy^
208,2003-05-19 02:05:56,user_208,Existing,User208,John208@mockup.com,t(l#W)FLO
209,1997-10-28 12:47:40,user_209,Existing,User209,John209@mockup.com,Tg4NDX[xpp
210,2016-04-08 18:47:59,user_210,Existing,User210,John210@mockup.com,"$""\>a!"
211,2018-02-11 06:29:43,user_211,Existing,User211,John211@mockup.com,`sl7o}Y
212,2007-08-02 21:36:58,user_212,Existing,User212,John212@mockup.com,d#xVQd/g
213,2015-01-16 03:01:14,user_213,Existing,User213,John213@mockup.com,H1*2}]sDF
214,2004-06-07 01:06:48,user_214,Existing,User214,John214@mockup.com,'T#VGsAm8I
215,2004-03-07 09:23:06,user_215,Existing,User215,John215@mockup.com,{p%hE;
216,2003-01-21 19:58:41,user_216,Existing,User216,John216@mockup.com,vkDJW$l
217,2002-08-27 20:55:03,user_217,Existing,User217,John217@mockup.com,2'*e@Ag-
218,1996-06-08 15:41:26,user_218,Existing,User218,John218@mockup.com,b+YwTGSLP
219,2005-03-22 13:05:00,user_219,Existing,User219,John219@mockup.com,"|yt\,3Im"":"
220,2015-04-30 04:36:14,user_220,Existing,User220,John220@mockup.com,s`o!G:
221,2009-02-06 21:31:40,user_221,Existing,User221,John221@mockup.com,2+%(I!J
222,1996-09-20 11:39:19,user_222,Existing,User222,John222@mockup.com,^rZCIoDR
223,2008-08-02 13:02:27,user_223,Existing,User223,John223@mockup.com,lSP*dnjkO
224,2015-01-30 18:47:35,user_224,Existing,User224,John224@mockup.com,~r'SJK#C2~
225,2002-12-09 01:56:21,user_225,Existing,User225,John225@mockup.com,d1f|LO
226,2011-11-25 20:48:12,user_226,Existing,User226,John226@mockup.com,&W|my]c
227,2009-02-16 13:26:42,user_227,Existing,User227,John227@mockup.com,"CCkH(>?"""
228,2017-05-08 03:29:23,user_228,Existing,User228,John228@mockup.com,\/Nx;YAb!
229,2010-10-01 05:20:16,user_229,Existing,User229,John229@mockup.com,2n_/Fbj&qJ
230,2018-09-17 06:11:50,user_230,Existing,User230,John230@mockup.com,K'rq7x
231,2012-11-11 22:55:21,user_231,Existing,User231,John231@mockup.com,Hv-(N@M
232,2008-10-31 19:10:20,user_232,Existing,User232,John232@mockup.com,nzf?1hp2
233,2005-07-05 14:53:07,user_233,Existing,User233,John233@mockup.com,b3+:bL1|W
234,1997-04-05 17:55:15,user_234,Existing,User234,John234@mockup.com,Lt>ztinhVk
235,2016-04-09 08:07:30,user_235,Existing,User235,John235@mockup.com,6`D7)$
236,2015-08-16 20:48:34,user_236,Existing,User236,John236@mockup.com,K:1;{DQ
237,2003-01-17 17:32:25,user_237,Existing,User237,John237@mockup.com,RERK*1C2
238,2008-02-03 18:37:09,user_238,Existing,User238,John238@mockup.com,mAq6;![2L
239,2015-01-05 23:00:38,user_239,Existing,User239,John239@mockup.com,{;01.d}cbC
240,2012-07-21 01:25:17,user_240,Existing,User240,John240@mockup.com,YbF9oX
241,2004-09-08 14:15:36,user_241,Existing,User241,John241@mockup.com,(^$gFUd
242,1996-11-10 18:05:37,user_242,Existing,User242,John242@mockup.com,]g7)hhXc
243,2013-09-10 23:51:05,user_243,Existing,User243,John243@mockup.com,e{6*^$dj|
244,2012-01-08 00:11:04,user_244,Existing,User244,John244@mockup.com,Iki!z}<M4R
245,2017-05-01 23:17:44,user_245,Existing,User245,John245@mockup.com,'N'bU2
246,1996-05-13 00:19:28,user_246,Existing,User246,John246@mockup.com,bmx;XT#
247,2008-01-20 22:41:31,user_247,Existing,User247,John247@mockup.com,");Arw""xd"
248,2008-11-30 20:16:21,user_248,Existing,User248,John248@mockup.com,QEhgEjwu$
249,2012-09-25 23:49:15,user_249,Existing,User249,John249@mockup.com,e\+$kAaW?s
250,2012-06-13 00:12:25,user_250,Existing,User250,John250@mockup.com,+60yaF
251,2007-10-16 03:45:03,user_251,Existing,User251,John251@mockup.com,"-0HT""%p"
252,2008-02-26 16:44:19,user_252,Existing,User252,John252@mockup.com,B;2WE$g#
253,2018-07-03 18:56:29,user_253,Existing,User253,John253@mockup.com,Q:kUbnuyQ
254,2017-03-01 02:38:58,user_254,Existing,User254,John254@mockup.com,532}Y?4>d'
255,2001-08-14 19:41:26,user_255,Existing,User255,John255@mockup.com,0`+}gZ
256,2000-10-11 16:03:55,user_256,Existing,User256,John256@mockup.com,SEv%Ia0
257,2009-03-12 04:57:57,user_257,Existing,User257,John257@mockup.com,33A*u`*Z
258,2006-09-25 07:22:16,user_258,Existing,User258,John258@mockup.com,=~DW[ZtK[
259,2014-08-10 19:26:11,user_259,Existing,User259,John259@mockup.com,V]c'B:XLAM
260,1997-09-16 14:53:29,user_260,Existing,User260,John260@mockup.com,yp?UtW
261,1996-11-01 07:30:40,user_261,Existing,User261,John261@mockup.com,9#N@5!$
262,2013-04-02 21:55:51,user_262,Existing,User262,John262@mockup.com,o.i{_gBy
263,2012-06-22 07:10:28,user_263,Existing,User263,John263@mockup.com,"$\C9y!8M"""
264,2015-10-20 14:57:46,user_264,Existing,User264,John264@mockup.com,f}E1%QnL^x
265,2017-04-29 00:49:13,user_265,Existing,User265,John265@mockup.com,i>A.D@
266,2006-11-24 16:21:55,user_266,Existing,User266,John266@mockup.com,2=?sfa;
267,2018-01-05 11:42:44,user_267,Existing,User267,John267@mockup.com,ppA2fJeS
268,2001-06-26 13:44:59,user_268,Existing,User268,John268@mockup.com,"k/WCx,>NZ"
269,1996-06-13 20:45:37,user_269,Existing,User269,John269@mockup.com,R$XYNr}S3`
270,1996-09-13 12:22:40,user_270,Existing,User270,John270@mockup.com,u^(h#L
271,2004-09-10 22:45:50,user_271,Existing,User271,John271@mockup.com,MJt70vd
272,2009-08-14 20:22:43,user_272,Existing,User272,John272@mockup.com,edH|h.~V
273,2002-08-31 22:07:04,user_273,Existing,User273,John273@mockup.com,"]!>Y5is_,"
274,2015-05-01 20:43:31,user_274,Existing,User274,John274@mockup.com,"pFHgGh""IXS"
275,1996-08-31 16:56:32,user_275,Existing,User275,John275@mockup.com,#.+f.l
276,2011-07-21 02:13:28,user_276,Existing,User276,John276@mockup.com,e\(`\cc
277,2017-07-01 02:49:08,user_277,Existing,User277,John277@mockup.com,V.0Bk_~+
278,2017-11-12 02:09:51,user_278,Existing,User278,John278@mockup.com,0dpWRjYU1
279,1996-12-03 08:27:55,user_279,Existing,User279,John279@mockup.com,"\e0WG""d)P^"
280,1996-07-26 12:08:14,user_280,Existing,User280,John280@mockup.com,C2z/Mt
281,2011-01-24 22:49:27,user_281,Existing,User281,John281@mockup.com,";/uCX,h"
282,2016-07-01 10:21:12,user_282,Existing,User282,John282@mockup.com,()eA;6jU
283,2000-09-02 18:40:21,user_283,Existing,User283,John283@mockup.com,m9zR)LyhK
284,2001-05-24 20:11:58,user_284,Existing,User284,John284@mockup.com,:n[?)z'zp&
285,1996-06-23 14:12:31,user_285,Existing,User285,John285@mockup.com,*P>#/.
286,1999-10-05 10:53:09,user_286,Existing,User286,John286@mockup.com,}N['^l{
287,2017-01-15 01:18:03,user_287,Existing,User287,John287@mockup.com,JD%38c<{
288,2000-06-19 19:36:56,user_288,Existing,User288,John288@mockup.com,QxHC^}v5m
289,2013-10-22 21:20:09,user_289,Existing,User289,John289@mockup.com,HS>`q4Ujt5
290,2007-08-19 05:47:44,user_290,Existing,User290,John290@mockup.com,:sB0Tf
291,2018-06-18 02:58:21,user_291,Existing,User291,John291@mockup.com,xc^jT]l
292,2016-04-28 19:46:03,user_292,Existing,User292,John292@mockup.com,+xM1Ch3S
293,2011-10-11 14:55:57,user_293,Existing,User293,John293@mockup.com,Ac6Nmo[7R
294,2008-08-06 17:24:40,user_294,Existing,User294,John294@mockup.com,P)lf_!|x/Y
295,2001-04-02 02:40:13,user_295,Existing,User295,John295@mockup.com,z2NbG~
296,2016-03-13 05:10:55,user_296,Existing,User296,John296@mockup.com,.Q)NGtR
297,2004-05-25 11:15:42,user_297,Existing,User297,John297@mockup.com,rb{3->#u
298,2015-12-25 22:51:08,user_298,Existing,User298,John298@mockup.com,_%XN`lYL2
299,2003-05-16 09:06:34,user_299,Existing,User299,John299@mockup.com,L|_p;t!?*f
300,2005-03-22 11:30:32,user_300,Existing,User300,John300@mockup.com,~ooo8'
301,1996-03-29 19:36:55,user_301,Existing,User301,John301@mockup.com,Gx84{(/
302,2000-07-07 04:14:11,user_302,Existing,User302,John302@mockup.com,h0VS{R`j
303,2011-09-05 19:03:11,user_303,Existing,User303,John303@mockup.com,T'-%z38[F
304,2010-04-07 03:04:36,user_304,Existing,User304,John304@mockup.com,!R=)ayKRHr
305,2013-04-23 02:10:12,user_305,Existing,User305,John305@mockup.com,]-e#hU
306,1996-05-31 09:56:49,user_306,Existing,User306,John306@mockup.com,~gRZTi0
307,1997-03-30 13:22:57,user_307,Existing,User307,John307@mockup.com,@PnxnI$[
308,2005-01-13 21:51:27,user_308,Existing,User308,John308@mockup.com,{[b\kG?dq
309,2015-12-02 16:34:11,user_309,Existing,User309,John309@mockup.com,u_N#QXL*Nm
310,1996-05-21 10:44:02,user_310,Existing,User310,John310@mockup.com,_-74IZ
311,2016-02-04 22:34:36,user_311,Existing,User311,John311@mockup.com,lcy}wS?
312,1996-09-27 17:45:21,user_312,Existing,User312,John312@mockup.com,".S/h""<id"
313,1996-07-10 03:03:07,user_313,Existing,User313,John313@mockup.com,<=TPKlVWR
314,2002-04-18 11:57:46,user_314,Existing,User314,John314@mockup.com,)gq4'.Cj!q
315,2000-11-20 08:14:58,user_315,Existing,User315,John315@mockup.com,9cd-f]
316,2002-02-11 03:27:17,user_316,Existing,User316,John316@mockup.com,rCu(/8#
317,2000-10-27 06:29:35,user_317,Existing,User317,John317@mockup.com,2p;\x0.v
318,2010-07-18 20:07:37,user_318,Existing,User318,John318@mockup.com,UcjV%rf5.
319,1996-07-04 01:16:48,user_319,Existing,User319,John319@mockup.com,tA}oQ.R.W}
320,1997-02-25 16:08:28,user_320,Existing,User320,John320@mockup.com,QXiMs1
321,2001-06-27 04:52:37,user_321,Existing,User321,John321@mockup.com,@rK66T*
322,1996-10-18 17:13:22,user_322,Existing,User322,John322@mockup.com,&+Bl:$LC
323,2013-01-26 05:54:23,user_323,Existing,User323,John323@mockup.com,"*\E""jL'7?"
324,2005-07-21 06:43:53,user_324,Existing,User324,John324@mockup.com,"'8"";r2Rt@@"
325,2010-06-03 08:42:48,user_325,Existing,User325,John325@mockup.com,yFJX~q
326,2000-06-01 23:37:26,user_326,Existing,User326,John326@mockup.com,"pD,b`A."
327,2015-08-18 10:04:01,user_327,Existing,User327,John327@mockup.com,m?Q)?E')
328,2000-08-03 22:10:19,user_328,Existing,User328,John328@mockup.com,[}-@Y+R&`
329,1996-11-27 07:05:36,user_329,Existing,User329,John329@mockup.com,"hkIg""Ftq""?"
330,2000-11-19 21:38:50,user_330,Existing,User330,John330@mockup.com,RqV@1r
331,2017-06-21 09:15:34,user_331,Existing,User331,John331@mockup.com,PH3JY0x
332,1996-06-17 16:21:12,user_332,Existing,User332,John332@mockup.com,"Z8!,c08P"
333,2008-01-21 19:12:42,user_333,Existing,User333,John333@mockup.com,*QfG3Gpe[
334,2002-12-08 16:16:30,user_334,Existing,User334,John334@mockup.com,>BFENme:{R
335,2007-05-14 18:19:18,user_335,Existing,User335,John335@mockup.com,"dO@@,b"
336,2005-01-10 23:25:50,user_336,Existing,User336,John336@mockup.com,7{yz$ov
337,2007-05-03 18:23:35,user_337,Existing,User337,John337@mockup.com,0s*S`'jK
338,2012-07-14 03:01:20,user_338,Existing,User338,John338@mockup.com,H==#k`7l8
339,1996-08-08 22:42:00,user_339,Existing,User339,John339@mockup.com,o0~XHQgS^^
340,2015-04-09 12:08:58,user_340,Existing,User340,John340@mockup.com,rInbX7
341,2005-04-01 20:56:46,user_341,Existing,User341,John341@mockup.com,\wA~GL*
342,2012-03-25 21:42:22,user_342,Existing,User342,John342@mockup.com,{3nNQj$4
343,2011-12-20 09:38:25,user_343,Existing,User343,John343@mockup.com,1A?|7!8-?
344,2018-04-01 19:52:26,user_344,Existing,User344,John344@mockup.com,@3}=K.r`1z
345,1997-05-18 19:19:05,user_345,Existing,User345,John345@mockup.com,B!OHe<
346,2001-09-27 05:45:38,user_346,Existing,User346,John346@mockup.com,q+Z@NKc
347,2016-03-22 09:15:56,user_347,Existing,User347,John347@mockup.com,QyEsmw?a
348,2015-04-15 21:45:39,user_348,Existing,User348,John348@mockup.com,=i@4Eu*ap
349,2001-11-12 02:08:29,user_349,Existing,User349,John349@mockup.com,"hT0>,_CX@/"
350,1996-10-10 20:49:00,user_350,Existing,User350,John350@mockup.com,5&k$^W
351,2012-04-23 22:52:22,user_351,Existing,User351,John351@mockup.com,+Wxb\%8
352,2003-09-15 18:46:39,user_352,Existing,User352,John352@mockup.com,Sc}Tg_tG
353,2015-02-21 03:48:05,user_353,Existing,User353,John353@mockup.com,;VI*')!r9
354,2015-07-04 08:44:36,user_354,Existing,User354,John354@mockup.com,M~`4xrsXQl
355,2006-02-28 21:31:42,user_355,Existing,User355,John355@mockup.com,/<H\@8
356,2015-12-14 12:53:02,user_356,Existing,User356,John356@mockup.com,Kz(6{8N
357,1996-08-31 01:53:21,user_357,Existing,User357,John357@mockup.com,y4h~)6~z
358,2018-08-10 05:23:24,user_358,Existing,User358,John358@mockup.com,"@Jv'ZEnN"""
359,2017-02-24 17:14:43,user_359,Existing,User359,John359@mockup.com,_)met>Tnzn
360,2012-01-15 07:10:56,user_360,Existing,User360,John360@mockup.com,LBx%/k
361,2009-09-19 08:46:10,user_361,Existing,User361,John361@mockup.com,^hU'Tig
362,2017-08-19 08:56:46,user_362,Existing,User362,John362@mockup.com,iA6O6H;{
363,1996-12-26 14:54:26,user_363,Existing,User363,John363@mockup.com,"N""KI-}weJ"
364,2016-10-14 22:09:57,user_364,Existing,User364,John364@mockup.com,0`EjmoG{q*
365,2017-08-07 20:50:48,user_365,Existing,User365,John365@mockup.com,n@~N~A
366,2002-09-28 02:34:20,user_366,Existing,User366,John366@mockup.com,ae<FXh3
367,2014-02-07 01:52:39,user_367,Existing,User367,John367@mockup.com,m_VKlJ(I
368,2002-07-01 13:32:28,user_368,Existing,User368,John368@mockup.com,>9ai}sWFR
369,2016-04-04 18:39:55,user_369,Existing,User369,John369@mockup.com,|Xd{z2h;{p
370,2015-02-17 02:53:17,user_370,Existing,User370,John370@mockup.com,t>]fp2
371,2007-05-14 03:56:45,user_371,Existing,User371,John371@mockup.com,lzVqiuu
372,1996-06-24 21:01:57,user_372,Existing,User372,John372@mockup.com,"^%XH,`b^"
373,2006-11-13 03:54:25,user_373,Existing,User373,John373@mockup.com,D{#b;phF*
374,2008-12-30 02:54:22,user_374,Existing,User374,John374@mockup.com,gx]N}9j>/]
375,2000-11-07 10:10:58,user_375,Existing,User375,John375@mockup.com,n64.lu
376,2017-09-02 03:39:29,user_376,Existing,User376,John376@mockup.com,*pZ\yk|
377,2005-03-22 07:28:32,user_377,Existing,User377,John377@mockup.com,rTGK&cN[
378,2008-08-24 07:20:08,user_378,Existing,User378,John378@mockup.com,68K]Ve^#Z
379,1999-12-11 08:50:46,user_379,Existing,User379,John379@mockup.com,z[qWo4m*Mh
380,2001-01-06 02:21:35,user_380,Existing,User380,John380@mockup.com,ntW_\P
381,2002-10-24 01:21:43,user_381,Existing,User381,John381@mockup.com,SjByrUC
382,1996-10-16 16:23:09,user_382,Existing,User382,John382@mockup.com,c!WewLWe
383,2016-07-27 21:20:39,user_383,Existing,User383,John383@mockup.com,f6Zn$xj|?
384,2017-04-02 01:51:30,user_384,Existing,User384,John384@mockup.com,GtF0{WXkrK
385,2013-05-18 17:25:21,user_385,Existing,User385,John385@mockup.com,B&}L6|
386,2015-08-18 23:12:08,user_386,Existing,User386,John386@mockup.com,0grjb[%
387,2016-11-06 17:57:37,user_387,Existing,User387,John387@mockup.com,~&|K&IoT
388,1996-11-26 11:44:43,user_388,Existing,User388,John388@mockup.com,=:aJL<k4}
389,2018-05-02 19:26:52,user_389,Existing,User389,John389@mockup.com,Na20P&[U1K
390,2007-06-10 13:43:53,user_390,Existing,User390,John390@mockup.com,Zo:H;J
391,2000-08-22 01:20:03,user_391,Existing,User391,John391@mockup.com,}gO\Sj'
392,1999-12-22 19:19:31,user_392,Existing,User392,John392@mockup.com,z^{h0fL%
393,2007-08-08 17:57:57,user_393,Existing,User393,John393@mockup.com,H;bTzD=-H
394,1999-12-23 17:02:26,user_394,Existing,User394,John394@mockup.com,R#sK+N<hNr
395,2000-05-21 05:21:36,user_395,Existing,User395,John395@mockup.com,(}>afB
396,2007-01-01 18:43:26,user_396,Existing,User396,John396@mockup.com,Ao.094:
397,2015-11-06 07:50:09,user_397,Existing,User397,John397@mockup.com,G\*=a5B3
398,2016-12-11 17:35:36,user_398,Existing,User398,John398@mockup.com,atr8%ko$j
399,1996-06-17 06:50:19,user_399,Existing,User399,John399@mockup.com,"oZ(G,E/OJ*"
400,2011-06-07 05:11:06,user_400,Existing,User400,John400@mockup.com,~ur6;+
401,2018-06-25 05:58:47,user_401,Existing,User401,John401@mockup.com,o1{zh6Q
402,2000-03-15 17:15:39,user_402,Existing,User402,John402@mockup.com,?z+C;6/f
403,1996-08-06 09:20:49,user_403,Existing,User403,John403@mockup.com,"$%v0$5^""7"
404,2009-11-17 00:45:15,user_404,Existing,User404,John404@mockup.com,\\.:-mmClP
405,2000-10-03 00:06:40,user_405,Existing,User405,John405@mockup.com,"^e$""\:"
406,1996-07-14 15:10:24,user_406,Existing,User406,John406@mockup.com,2UcmfoH
407,2007-06-05 03:31:04,user_407,Existing,User407,John407@mockup.com,>xijTo3V
408,2005-02-19 08:36:05,user_408,Existing,User408,John408@mockup.com,cSGZ8EQCr
409,2018-08-30 13:05:33,user_409,Existing,User409,John409@mockup.com,"1:+/PTxc""r"
410,1999-10-19 21:17:54,user_410,Existing,User410,John410@mockup.com,":A[""A^"
411,2017-06-26 07:47:15,user_411,Existing,User411,John411@mockup.com,{+dbN~}
412,2009-03-22 08:42:46,user_412,Existing,User412,John412@mockup.com,Z]s%KC'&
413,2015-09-07 17:19:29,user_413,Existing,User413,John413@mockup.com,m+^gVdz@e
414,1996-08-24 10:31:47,user_414,Existing,User414,John414@mockup.com,U(lmv`Krq8
415,2000-03-24 20:05:11,user_415,Existing,User415,John415@mockup.com,{9!_5<
416,1996-05-14 15:16:07,user_416,Existing,User416,John416@mockup.com,:SC:l'&
417,2010-06-21 06:32:44,user_417,Existing,User417,John417@mockup.com,#FCkx_|2
418,2007-02-11 22:20:46,user_418,Existing,User418,John418@mockup.com,z3z?|#TbX
419,2000-07-08 19:46:32,user_419,Existing,User419,John419@mockup.com,MJXSdH!-c^
420,2005-05-27 04:42:10,user_420,Existing,User420,John420@mockup.com,Z1Z%m~
421,2016-11-19 08:52:43,user_421,Existing,User421,John421@mockup.com,"4?Vd""e~"
